{"cameraMode":{"drawMode":0,"name":"Shaded","section":"Shading Mode"},"sceneLighting":true,"audioPlay":false,"sceneViewState":{"showFog":false,"showMaterialUpdate":false,"showSkybox":false,"showFlares":false,"showImageEffects":false,"showParticleSystems":false},"in2DMode":false,"pivot":{"x":489.30303955078127,"y":186.3466796875,"z":784.9443969726563},"rotation":{"x":-0.0003103387716691941,"y":-0.014403070323169232,"z":0.000004256068223185139,"w":-0.999896228313446},"size":1254.8253173828125,"orthographic":false}